{"cameraMode":{"drawMode":0,"name":"Shaded","section":"Shading Mode"},"sceneLighting":false,"audioPlay":false,"sceneViewState":{"showFog":true,"showMaterialUpdate":false,"showSkybox":true,"showFlares":true,"showImageEffects":true,"showParticleSystems":true},"in2DMode":false,"pivot":{"x":19.41742706298828,"y":3.9414350986480715,"z":-8.947765350341797},"rotation":{"x":0.16700373589992524,"y":-0.6972709894180298,"z":0.17241761088371278,"w":0.6754489541053772},"size":46.074737548828128,"orthographic":false}