{"cameraMode":{"drawMode":0,"name":"Shaded","section":"Shading Mode"},"sceneLighting":false,"audioPlay":false,"sceneViewState":{"showFog":true,"showMaterialUpdate":false,"showSkybox":true,"showFlares":true,"showImageEffects":true,"showParticleSystems":true},"in2DMode":false,"pivot":{"x":5.707345008850098,"y":2.2235989570617677,"z":10.680585861206055},"rotation":{"x":0.37401098012924197,"y":-0.09573337435722351,"z":0.038848720490932468,"w":0.9216536283493042},"size":3.2084567546844484,"orthographic":false}