{"cameraMode":{"drawMode":0,"name":"Shaded","section":"Shading Mode"},"sceneLighting":true,"audioPlay":false,"sceneViewState":{"showFog":true,"showMaterialUpdate":false,"showSkybox":true,"showFlares":true,"showImageEffects":true,"showParticleSystems":true},"in2DMode":false,"pivot":{"x":-4.8236541748046879,"y":1.5805339813232422,"z":-3.425107955932617},"rotation":{"x":-0.1337125301361084,"y":0.7969155311584473,"z":-0.191228985786438,"w":-0.5572142601013184},"size":8.665264129638672,"orthographic":false}