{"cameraMode":{"drawMode":0,"name":"Shaded","section":"Shading Mode"},"sceneLighting":false,"audioPlay":false,"sceneViewState":{"showFog":true,"showMaterialUpdate":false,"showSkybox":true,"showFlares":true,"showImageEffects":true,"showParticleSystems":true},"in2DMode":false,"pivot":{"x":-4.630423069000244,"y":3.7594006061553957,"z":-0.009309172630310059},"rotation":{"x":0.557662844657898,"y":-0.3057078421115875,"z":0.23157784342765809,"w":0.7361624836921692},"size":5.665271282196045,"orthographic":false}