{"cameraMode":{"drawMode":0,"name":"Shaded","section":"Shading Mode"},"sceneLighting":false,"audioPlay":false,"sceneViewState":{"showFog":true,"showMaterialUpdate":false,"showSkybox":true,"showFlares":true,"showImageEffects":true,"showParticleSystems":true},"in2DMode":false,"pivot":{"x":0.4746049642562866,"y":0.928746223449707,"z":1.0265204906463624},"rotation":{"x":0.0031174239702522756,"y":-0.9804190397262573,"z":-0.015581201761960984,"w":-0.1963871717453003},"size":6.518566608428955,"orthographic":false}