{"cameraMode":{"drawMode":0,"name":"Shaded","section":"Shading Mode"},"sceneLighting":false,"audioPlay":false,"sceneViewState":{"showFog":true,"showMaterialUpdate":false,"showSkybox":true,"showFlares":true,"showImageEffects":true,"showParticleSystems":true},"in2DMode":false,"pivot":{"x":-87.15612030029297,"y":-19.934770584106447,"z":1.0948139429092408},"rotation":{"x":-0.1337125301361084,"y":0.7969155311584473,"z":-0.191228985786438,"w":-0.5572142601013184},"size":4.755321025848389,"orthographic":false}